"","ind.code","year","ind.name","variable","value","Industry"
"1","10-12",2008,"Food and tobacco products","Only domestic workers",215425.696154423,"Food and tobacco products
Indicator: Labor productivity of only domestic workers
Year: 2008
Value: 0.22 million CHF"
"2","10-12",2009,"Food and tobacco products","Only domestic workers",201423.488575657,"Food and tobacco products
Indicator: Labor productivity of only domestic workers
Year: 2009
Value: 0.2 million CHF"
"3","10-12",2010,"Food and tobacco products","Only domestic workers",205729.983824488,"Food and tobacco products
Indicator: Labor productivity of only domestic workers
Year: 2010
Value: 0.21 million CHF"
"4","10-12",2011,"Food and tobacco products","Only domestic workers",240058.729676474,"Food and tobacco products
Indicator: Labor productivity of only domestic workers
Year: 2011
Value: 0.24 million CHF"
"5","10-12",2012,"Food and tobacco products","Only domestic workers",224876.000219802,"Food and tobacco products
Indicator: Labor productivity of only domestic workers
Year: 2012
Value: 0.22 million CHF"
"6","10-12",2013,"Food and tobacco products","Only domestic workers",198589.858486369,"Food and tobacco products
Indicator: Labor productivity of only domestic workers
Year: 2013
Value: 0.2 million CHF"
"7","10-12",2014,"Food and tobacco products","Only domestic workers",181581.94477704,"Food and tobacco products
Indicator: Labor productivity of only domestic workers
Year: 2014
Value: 0.18 million CHF"
"8","10-12",2015,"Food and tobacco products","Only domestic workers",160139.928126336,"Food and tobacco products
Indicator: Labor productivity of only domestic workers
Year: 2015
Value: 0.16 million CHF"
"9","10-12",2016,"Food and tobacco products","Only domestic workers",175626.984649293,"Food and tobacco products
Indicator: Labor productivity of only domestic workers
Year: 2016
Value: 0.18 million CHF"
"10","10-12",2017,"Food and tobacco products","Only domestic workers",174486.850281283,"Food and tobacco products
Indicator: Labor productivity of only domestic workers
Year: 2017
Value: 0.17 million CHF"
"11","10-12",2018,"Food and tobacco products","Only domestic workers",168937.214969933,"Food and tobacco products
Indicator: Labor productivity of only domestic workers
Year: 2018
Value: 0.17 million CHF"
"12","10-12",2019,"Food and tobacco products","Only domestic workers",183971.059735337,"Food and tobacco products
Indicator: Labor productivity of only domestic workers
Year: 2019
Value: 0.18 million CHF"
"13","13-15",2008,"Textiles and apparel","Only domestic workers",115146.968963106,"Textiles and apparel
Indicator: Labor productivity of only domestic workers
Year: 2008
Value: 0.12 million CHF"
"14","13-15",2009,"Textiles and apparel","Only domestic workers",90914.2389698428,"Textiles and apparel
Indicator: Labor productivity of only domestic workers
Year: 2009
Value: 0.09 million CHF"
"15","13-15",2010,"Textiles and apparel","Only domestic workers",88889.5923482891,"Textiles and apparel
Indicator: Labor productivity of only domestic workers
Year: 2010
Value: 0.09 million CHF"
"16","13-15",2011,"Textiles and apparel","Only domestic workers",130247.628686009,"Textiles and apparel
Indicator: Labor productivity of only domestic workers
Year: 2011
Value: 0.13 million CHF"
"17","13-15",2012,"Textiles and apparel","Only domestic workers",140621.235964475,"Textiles and apparel
Indicator: Labor productivity of only domestic workers
Year: 2012
Value: 0.14 million CHF"
"18","13-15",2013,"Textiles and apparel","Only domestic workers",124002.35170287,"Textiles and apparel
Indicator: Labor productivity of only domestic workers
Year: 2013
Value: 0.12 million CHF"
"19","13-15",2014,"Textiles and apparel","Only domestic workers",109558.018752205,"Textiles and apparel
Indicator: Labor productivity of only domestic workers
Year: 2014
Value: 0.11 million CHF"
"20","13-15",2015,"Textiles and apparel","Only domestic workers",141870.869409577,"Textiles and apparel
Indicator: Labor productivity of only domestic workers
Year: 2015
Value: 0.14 million CHF"
"21","13-15",2016,"Textiles and apparel","Only domestic workers",121973.968398319,"Textiles and apparel
Indicator: Labor productivity of only domestic workers
Year: 2016
Value: 0.12 million CHF"
"22","13-15",2017,"Textiles and apparel","Only domestic workers",123878.759764241,"Textiles and apparel
Indicator: Labor productivity of only domestic workers
Year: 2017
Value: 0.12 million CHF"
"23","13-15",2018,"Textiles and apparel","Only domestic workers",164576.074578775,"Textiles and apparel
Indicator: Labor productivity of only domestic workers
Year: 2018
Value: 0.16 million CHF"
"24","13-15",2019,"Textiles and apparel","Only domestic workers",122986.891269394,"Textiles and apparel
Indicator: Labor productivity of only domestic workers
Year: 2019
Value: 0.12 million CHF"
"25","16-18",2008,"Wood and paper products, and printing","Only domestic workers",120039.403580268,"Wood and paper products, and printing
Indicator: Labor productivity of only domestic workers
Year: 2008
Value: 0.12 million CHF"
"26","16-18",2009,"Wood and paper products, and printing","Only domestic workers",119223.96368815,"Wood and paper products, and printing
Indicator: Labor productivity of only domestic workers
Year: 2009
Value: 0.12 million CHF"
"27","16-18",2010,"Wood and paper products, and printing","Only domestic workers",126166.053484284,"Wood and paper products, and printing
Indicator: Labor productivity of only domestic workers
Year: 2010
Value: 0.13 million CHF"
"28","16-18",2011,"Wood and paper products, and printing","Only domestic workers",128495.691827,"Wood and paper products, and printing
Indicator: Labor productivity of only domestic workers
Year: 2011
Value: 0.13 million CHF"
"29","16-18",2012,"Wood and paper products, and printing","Only domestic workers",133093.56978328,"Wood and paper products, and printing
Indicator: Labor productivity of only domestic workers
Year: 2012
Value: 0.13 million CHF"
"30","16-18",2013,"Wood and paper products, and printing","Only domestic workers",115065.326686475,"Wood and paper products, and printing
Indicator: Labor productivity of only domestic workers
Year: 2013
Value: 0.12 million CHF"
"31","16-18",2014,"Wood and paper products, and printing","Only domestic workers",118567.501145754,"Wood and paper products, and printing
Indicator: Labor productivity of only domestic workers
Year: 2014
Value: 0.12 million CHF"
"32","16-18",2015,"Wood and paper products, and printing","Only domestic workers",118917.06247074,"Wood and paper products, and printing
Indicator: Labor productivity of only domestic workers
Year: 2015
Value: 0.12 million CHF"
"33","16-18",2016,"Wood and paper products, and printing","Only domestic workers",117046.30780131,"Wood and paper products, and printing
Indicator: Labor productivity of only domestic workers
Year: 2016
Value: 0.12 million CHF"
"34","16-18",2017,"Wood and paper products, and printing","Only domestic workers",130175.111723885,"Wood and paper products, and printing
Indicator: Labor productivity of only domestic workers
Year: 2017
Value: 0.13 million CHF"
"35","16-18",2018,"Wood and paper products, and printing","Only domestic workers",132466.461014541,"Wood and paper products, and printing
Indicator: Labor productivity of only domestic workers
Year: 2018
Value: 0.13 million CHF"
"36","16-18",2019,"Wood and paper products, and printing","Only domestic workers",126350.582606951,"Wood and paper products, and printing
Indicator: Labor productivity of only domestic workers
Year: 2019
Value: 0.13 million CHF"
"37","19-20",2008,"Coke, chemicals and chemical products","Only domestic workers",247561.332440058,"Coke, chemicals and chemical products
Indicator: Labor productivity of only domestic workers
Year: 2008
Value: 0.25 million CHF"
"38","19-20",2009,"Coke, chemicals and chemical products","Only domestic workers",278070.697282546,"Coke, chemicals and chemical products
Indicator: Labor productivity of only domestic workers
Year: 2009
Value: 0.28 million CHF"
"39","19-20",2010,"Coke, chemicals and chemical products","Only domestic workers",212531.542990993,"Coke, chemicals and chemical products
Indicator: Labor productivity of only domestic workers
Year: 2010
Value: 0.21 million CHF"
"40","19-20",2011,"Coke, chemicals and chemical products","Only domestic workers",213725.551320931,"Coke, chemicals and chemical products
Indicator: Labor productivity of only domestic workers
Year: 2011
Value: 0.21 million CHF"
"41","19-20",2012,"Coke, chemicals and chemical products","Only domestic workers",240090.964417158,"Coke, chemicals and chemical products
Indicator: Labor productivity of only domestic workers
Year: 2012
Value: 0.24 million CHF"
"42","19-20",2013,"Coke, chemicals and chemical products","Only domestic workers",236276.61839179,"Coke, chemicals and chemical products
Indicator: Labor productivity of only domestic workers
Year: 2013
Value: 0.24 million CHF"
"43","19-20",2014,"Coke, chemicals and chemical products","Only domestic workers",252486.551828437,"Coke, chemicals and chemical products
Indicator: Labor productivity of only domestic workers
Year: 2014
Value: 0.25 million CHF"
"44","19-20",2015,"Coke, chemicals and chemical products","Only domestic workers",261305.160001227,"Coke, chemicals and chemical products
Indicator: Labor productivity of only domestic workers
Year: 2015
Value: 0.26 million CHF"
"45","19-20",2016,"Coke, chemicals and chemical products","Only domestic workers",286909.847528276,"Coke, chemicals and chemical products
Indicator: Labor productivity of only domestic workers
Year: 2016
Value: 0.29 million CHF"
"46","19-20",2017,"Coke, chemicals and chemical products","Only domestic workers",312692.126731381,"Coke, chemicals and chemical products
Indicator: Labor productivity of only domestic workers
Year: 2017
Value: 0.31 million CHF"
"47","19-20",2018,"Coke, chemicals and chemical products","Only domestic workers",330835.061428236,"Coke, chemicals and chemical products
Indicator: Labor productivity of only domestic workers
Year: 2018
Value: 0.33 million CHF"
"48","19-20",2019,"Coke, chemicals and chemical products","Only domestic workers",347795.726902583,"Coke, chemicals and chemical products
Indicator: Labor productivity of only domestic workers
Year: 2019
Value: 0.35 million CHF"
"49","21",2008,"Pharmaceutical products","Only domestic workers",896369.372554831,"Pharmaceutical products
Indicator: Labor productivity of only domestic workers
Year: 2008
Value: 0.9 million CHF"
"50","21",2009,"Pharmaceutical products","Only domestic workers",868838.491402658,"Pharmaceutical products
Indicator: Labor productivity of only domestic workers
Year: 2009
Value: 0.87 million CHF"
"51","21",2010,"Pharmaceutical products","Only domestic workers",879387.169562079,"Pharmaceutical products
Indicator: Labor productivity of only domestic workers
Year: 2010
Value: 0.88 million CHF"
"52","21",2011,"Pharmaceutical products","Only domestic workers",914298.899744548,"Pharmaceutical products
Indicator: Labor productivity of only domestic workers
Year: 2011
Value: 0.91 million CHF"
"53","21",2012,"Pharmaceutical products","Only domestic workers",813597.434739652,"Pharmaceutical products
Indicator: Labor productivity of only domestic workers
Year: 2012
Value: 0.81 million CHF"
"54","21",2013,"Pharmaceutical products","Only domestic workers",842421.978322475,"Pharmaceutical products
Indicator: Labor productivity of only domestic workers
Year: 2013
Value: 0.84 million CHF"
"55","21",2014,"Pharmaceutical products","Only domestic workers",837984.742895611,"Pharmaceutical products
Indicator: Labor productivity of only domestic workers
Year: 2014
Value: 0.84 million CHF"
"56","21",2015,"Pharmaceutical products","Only domestic workers",923554.137133698,"Pharmaceutical products
Indicator: Labor productivity of only domestic workers
Year: 2015
Value: 0.92 million CHF"
"57","21",2016,"Pharmaceutical products","Only domestic workers",958891.353315,"Pharmaceutical products
Indicator: Labor productivity of only domestic workers
Year: 2016
Value: 0.96 million CHF"
"58","21",2017,"Pharmaceutical products","Only domestic workers",942762.797670086,"Pharmaceutical products
Indicator: Labor productivity of only domestic workers
Year: 2017
Value: 0.94 million CHF"
"59","21",2018,"Pharmaceutical products","Only domestic workers",1167186.1877948,"Pharmaceutical products
Indicator: Labor productivity of only domestic workers
Year: 2018
Value: 1.17 million CHF"
"60","21",2019,"Pharmaceutical products","Only domestic workers",1161294.47253305,"Pharmaceutical products
Indicator: Labor productivity of only domestic workers
Year: 2019
Value: 1.16 million CHF"
"61","22-23",2008,"Rubber and plastics products","Only domestic workers",187500.7940951,"Rubber and plastics products
Indicator: Labor productivity of only domestic workers
Year: 2008
Value: 0.19 million CHF"
"62","22-23",2009,"Rubber and plastics products","Only domestic workers",188556.083419507,"Rubber and plastics products
Indicator: Labor productivity of only domestic workers
Year: 2009
Value: 0.19 million CHF"
"63","22-23",2010,"Rubber and plastics products","Only domestic workers",161991.913108924,"Rubber and plastics products
Indicator: Labor productivity of only domestic workers
Year: 2010
Value: 0.16 million CHF"
"64","22-23",2011,"Rubber and plastics products","Only domestic workers",164652.604879449,"Rubber and plastics products
Indicator: Labor productivity of only domestic workers
Year: 2011
Value: 0.16 million CHF"
"65","22-23",2012,"Rubber and plastics products","Only domestic workers",160292.69599782,"Rubber and plastics products
Indicator: Labor productivity of only domestic workers
Year: 2012
Value: 0.16 million CHF"
"66","22-23",2013,"Rubber and plastics products","Only domestic workers",188641.762789988,"Rubber and plastics products
Indicator: Labor productivity of only domestic workers
Year: 2013
Value: 0.19 million CHF"
"67","22-23",2014,"Rubber and plastics products","Only domestic workers",197906.560894646,"Rubber and plastics products
Indicator: Labor productivity of only domestic workers
Year: 2014
Value: 0.2 million CHF"
"68","22-23",2015,"Rubber and plastics products","Only domestic workers",169176.168842495,"Rubber and plastics products
Indicator: Labor productivity of only domestic workers
Year: 2015
Value: 0.17 million CHF"
"69","22-23",2016,"Rubber and plastics products","Only domestic workers",167699.308867842,"Rubber and plastics products
Indicator: Labor productivity of only domestic workers
Year: 2016
Value: 0.17 million CHF"
"70","22-23",2017,"Rubber and plastics products","Only domestic workers",156418.384091041,"Rubber and plastics products
Indicator: Labor productivity of only domestic workers
Year: 2017
Value: 0.16 million CHF"
"71","22-23",2018,"Rubber and plastics products","Only domestic workers",167506.059844315,"Rubber and plastics products
Indicator: Labor productivity of only domestic workers
Year: 2018
Value: 0.17 million CHF"
"72","22-23",2019,"Rubber and plastics products","Only domestic workers",173565.86515526,"Rubber and plastics products
Indicator: Labor productivity of only domestic workers
Year: 2019
Value: 0.17 million CHF"
"73","24-25",2008,"Metal products","Only domestic workers",178935.217019467,"Metal products
Indicator: Labor productivity of only domestic workers
Year: 2008
Value: 0.18 million CHF"
"74","24-25",2009,"Metal products","Only domestic workers",129272.753651118,"Metal products
Indicator: Labor productivity of only domestic workers
Year: 2009
Value: 0.13 million CHF"
"75","24-25",2010,"Metal products","Only domestic workers",153284.93763174,"Metal products
Indicator: Labor productivity of only domestic workers
Year: 2010
Value: 0.15 million CHF"
"76","24-25",2011,"Metal products","Only domestic workers",151490.414002233,"Metal products
Indicator: Labor productivity of only domestic workers
Year: 2011
Value: 0.15 million CHF"
"77","24-25",2012,"Metal products","Only domestic workers",146530.869280594,"Metal products
Indicator: Labor productivity of only domestic workers
Year: 2012
Value: 0.15 million CHF"
"78","24-25",2013,"Metal products","Only domestic workers",149371.896960612,"Metal products
Indicator: Labor productivity of only domestic workers
Year: 2013
Value: 0.15 million CHF"
"79","24-25",2014,"Metal products","Only domestic workers",150667.135785871,"Metal products
Indicator: Labor productivity of only domestic workers
Year: 2014
Value: 0.15 million CHF"
"80","24-25",2015,"Metal products","Only domestic workers",155764.393862133,"Metal products
Indicator: Labor productivity of only domestic workers
Year: 2015
Value: 0.16 million CHF"
"81","24-25",2016,"Metal products","Only domestic workers",163471.001846149,"Metal products
Indicator: Labor productivity of only domestic workers
Year: 2016
Value: 0.16 million CHF"
"82","24-25",2017,"Metal products","Only domestic workers",171220.605563908,"Metal products
Indicator: Labor productivity of only domestic workers
Year: 2017
Value: 0.17 million CHF"
"83","24-25",2018,"Metal products","Only domestic workers",156258.065844634,"Metal products
Indicator: Labor productivity of only domestic workers
Year: 2018
Value: 0.16 million CHF"
"84","24-25",2019,"Metal products","Only domestic workers",156051.350328302,"Metal products
Indicator: Labor productivity of only domestic workers
Year: 2019
Value: 0.16 million CHF"
"85","26",2008,"Computer, electronic and optical products; watches and clocks","Only domestic workers",276374.280606592,"Computer, electronic and optical products; watches and clocks
Indicator: Labor productivity of only domestic workers
Year: 2008
Value: 0.28 million CHF"
"86","26",2009,"Computer, electronic and optical products; watches and clocks","Only domestic workers",227918.025903645,"Computer, electronic and optical products; watches and clocks
Indicator: Labor productivity of only domestic workers
Year: 2009
Value: 0.23 million CHF"
"87","26",2010,"Computer, electronic and optical products; watches and clocks","Only domestic workers",260679.626432764,"Computer, electronic and optical products; watches and clocks
Indicator: Labor productivity of only domestic workers
Year: 2010
Value: 0.26 million CHF"
"88","26",2011,"Computer, electronic and optical products; watches and clocks","Only domestic workers",295654.921119953,"Computer, electronic and optical products; watches and clocks
Indicator: Labor productivity of only domestic workers
Year: 2011
Value: 0.3 million CHF"
"89","26",2012,"Computer, electronic and optical products; watches and clocks","Only domestic workers",318255.971287099,"Computer, electronic and optical products; watches and clocks
Indicator: Labor productivity of only domestic workers
Year: 2012
Value: 0.32 million CHF"
"90","26",2013,"Computer, electronic and optical products; watches and clocks","Only domestic workers",318165.311989354,"Computer, electronic and optical products; watches and clocks
Indicator: Labor productivity of only domestic workers
Year: 2013
Value: 0.32 million CHF"
"91","26",2014,"Computer, electronic and optical products; watches and clocks","Only domestic workers",302420.064318614,"Computer, electronic and optical products; watches and clocks
Indicator: Labor productivity of only domestic workers
Year: 2014
Value: 0.3 million CHF"
"92","26",2015,"Computer, electronic and optical products; watches and clocks","Only domestic workers",280722.785924367,"Computer, electronic and optical products; watches and clocks
Indicator: Labor productivity of only domestic workers
Year: 2015
Value: 0.28 million CHF"
"93","26",2016,"Computer, electronic and optical products; watches and clocks","Only domestic workers",262610.124998975,"Computer, electronic and optical products; watches and clocks
Indicator: Labor productivity of only domestic workers
Year: 2016
Value: 0.26 million CHF"
"94","26",2017,"Computer, electronic and optical products; watches and clocks","Only domestic workers",235988.589281927,"Computer, electronic and optical products; watches and clocks
Indicator: Labor productivity of only domestic workers
Year: 2017
Value: 0.24 million CHF"
"95","26",2018,"Computer, electronic and optical products; watches and clocks","Only domestic workers",271691.649395399,"Computer, electronic and optical products; watches and clocks
Indicator: Labor productivity of only domestic workers
Year: 2018
Value: 0.27 million CHF"
"96","26",2019,"Computer, electronic and optical products; watches and clocks","Only domestic workers",268105.655490271,"Computer, electronic and optical products; watches and clocks
Indicator: Labor productivity of only domestic workers
Year: 2019
Value: 0.27 million CHF"
"97","27",2008,"Electrical equipment","Only domestic workers",221023.802945874,"Electrical equipment
Indicator: Labor productivity of only domestic workers
Year: 2008
Value: 0.22 million CHF"
"98","27",2009,"Electrical equipment","Only domestic workers",225907.844472671,"Electrical equipment
Indicator: Labor productivity of only domestic workers
Year: 2009
Value: 0.23 million CHF"
"99","27",2010,"Electrical equipment","Only domestic workers",202478.965239363,"Electrical equipment
Indicator: Labor productivity of only domestic workers
Year: 2010
Value: 0.2 million CHF"
"100","27",2011,"Electrical equipment","Only domestic workers",192389.400119783,"Electrical equipment
Indicator: Labor productivity of only domestic workers
Year: 2011
Value: 0.19 million CHF"
"101","27",2012,"Electrical equipment","Only domestic workers",205824.799883875,"Electrical equipment
Indicator: Labor productivity of only domestic workers
Year: 2012
Value: 0.21 million CHF"
"102","27",2013,"Electrical equipment","Only domestic workers",187477.050460193,"Electrical equipment
Indicator: Labor productivity of only domestic workers
Year: 2013
Value: 0.19 million CHF"
"103","27",2014,"Electrical equipment","Only domestic workers",173814.274849229,"Electrical equipment
Indicator: Labor productivity of only domestic workers
Year: 2014
Value: 0.17 million CHF"
"104","27",2015,"Electrical equipment","Only domestic workers",184389.132024645,"Electrical equipment
Indicator: Labor productivity of only domestic workers
Year: 2015
Value: 0.18 million CHF"
"105","27",2016,"Electrical equipment","Only domestic workers",195981.861738799,"Electrical equipment
Indicator: Labor productivity of only domestic workers
Year: 2016
Value: 0.2 million CHF"
"106","27",2017,"Electrical equipment","Only domestic workers",196801.738666774,"Electrical equipment
Indicator: Labor productivity of only domestic workers
Year: 2017
Value: 0.2 million CHF"
"107","27",2018,"Electrical equipment","Only domestic workers",163829.109586601,"Electrical equipment
Indicator: Labor productivity of only domestic workers
Year: 2018
Value: 0.16 million CHF"
"108","27",2019,"Electrical equipment","Only domestic workers",150370.560038294,"Electrical equipment
Indicator: Labor productivity of only domestic workers
Year: 2019
Value: 0.15 million CHF"
"109","28",2008,"Machinery and equipment n.e.c.","Only domestic workers",152601.32626809,"Machinery and equipment n.e.c.
Indicator: Labor productivity of only domestic workers
Year: 2008
Value: 0.15 million CHF"
"110","28",2009,"Machinery and equipment n.e.c.","Only domestic workers",135063.633151038,"Machinery and equipment n.e.c.
Indicator: Labor productivity of only domestic workers
Year: 2009
Value: 0.14 million CHF"
"111","28",2010,"Machinery and equipment n.e.c.","Only domestic workers",168874.343356752,"Machinery and equipment n.e.c.
Indicator: Labor productivity of only domestic workers
Year: 2010
Value: 0.17 million CHF"
"112","28",2011,"Machinery and equipment n.e.c.","Only domestic workers",161636.732065849,"Machinery and equipment n.e.c.
Indicator: Labor productivity of only domestic workers
Year: 2011
Value: 0.16 million CHF"
"113","28",2012,"Machinery and equipment n.e.c.","Only domestic workers",153662.972129284,"Machinery and equipment n.e.c.
Indicator: Labor productivity of only domestic workers
Year: 2012
Value: 0.15 million CHF"
"114","28",2013,"Machinery and equipment n.e.c.","Only domestic workers",161326.423792209,"Machinery and equipment n.e.c.
Indicator: Labor productivity of only domestic workers
Year: 2013
Value: 0.16 million CHF"
"115","28",2014,"Machinery and equipment n.e.c.","Only domestic workers",168478.800794827,"Machinery and equipment n.e.c.
Indicator: Labor productivity of only domestic workers
Year: 2014
Value: 0.17 million CHF"
"116","28",2015,"Machinery and equipment n.e.c.","Only domestic workers",173386.697594995,"Machinery and equipment n.e.c.
Indicator: Labor productivity of only domestic workers
Year: 2015
Value: 0.17 million CHF"
"117","28",2016,"Machinery and equipment n.e.c.","Only domestic workers",178341.759348516,"Machinery and equipment n.e.c.
Indicator: Labor productivity of only domestic workers
Year: 2016
Value: 0.18 million CHF"
"118","28",2017,"Machinery and equipment n.e.c.","Only domestic workers",168299.774668505,"Machinery and equipment n.e.c.
Indicator: Labor productivity of only domestic workers
Year: 2017
Value: 0.17 million CHF"
"119","28",2018,"Machinery and equipment n.e.c.","Only domestic workers",176995.77610612,"Machinery and equipment n.e.c.
Indicator: Labor productivity of only domestic workers
Year: 2018
Value: 0.18 million CHF"
"120","28",2019,"Machinery and equipment n.e.c.","Only domestic workers",170797.059339843,"Machinery and equipment n.e.c.
Indicator: Labor productivity of only domestic workers
Year: 2019
Value: 0.17 million CHF"
"121","29-30",2008,"Transport equipment","Only domestic workers",130987.609605555,"Transport equipment
Indicator: Labor productivity of only domestic workers
Year: 2008
Value: 0.13 million CHF"
"122","29-30",2009,"Transport equipment","Only domestic workers",108152.240088338,"Transport equipment
Indicator: Labor productivity of only domestic workers
Year: 2009
Value: 0.11 million CHF"
"123","29-30",2010,"Transport equipment","Only domestic workers",152822.678659307,"Transport equipment
Indicator: Labor productivity of only domestic workers
Year: 2010
Value: 0.15 million CHF"
"124","29-30",2011,"Transport equipment","Only domestic workers",167166.338243275,"Transport equipment
Indicator: Labor productivity of only domestic workers
Year: 2011
Value: 0.17 million CHF"
"125","29-30",2012,"Transport equipment","Only domestic workers",154552.46499461,"Transport equipment
Indicator: Labor productivity of only domestic workers
Year: 2012
Value: 0.15 million CHF"
"126","29-30",2013,"Transport equipment","Only domestic workers",165447.40092175,"Transport equipment
Indicator: Labor productivity of only domestic workers
Year: 2013
Value: 0.17 million CHF"
"127","29-30",2014,"Transport equipment","Only domestic workers",224715.078053331,"Transport equipment
Indicator: Labor productivity of only domestic workers
Year: 2014
Value: 0.22 million CHF"
"128","29-30",2015,"Transport equipment","Only domestic workers",244164.123795694,"Transport equipment
Indicator: Labor productivity of only domestic workers
Year: 2015
Value: 0.24 million CHF"
"129","29-30",2016,"Transport equipment","Only domestic workers",177696.646844383,"Transport equipment
Indicator: Labor productivity of only domestic workers
Year: 2016
Value: 0.18 million CHF"
"130","29-30",2017,"Transport equipment","Only domestic workers",179014.160549629,"Transport equipment
Indicator: Labor productivity of only domestic workers
Year: 2017
Value: 0.18 million CHF"
"131","29-30",2018,"Transport equipment","Only domestic workers",153118.715780243,"Transport equipment
Indicator: Labor productivity of only domestic workers
Year: 2018
Value: 0.15 million CHF"
"132","29-30",2019,"Transport equipment","Only domestic workers",158532.221236123,"Transport equipment
Indicator: Labor productivity of only domestic workers
Year: 2019
Value: 0.16 million CHF"
"133","31-33",2008,"Other manufacturing, repair and installation","Only domestic workers",48785.1131540616,"Other manufacturing, repair and installation
Indicator: Labor productivity of only domestic workers
Year: 2008
Value: 0.05 million CHF"
"134","31-33",2009,"Other manufacturing, repair and installation","Only domestic workers",45386.4257029061,"Other manufacturing, repair and installation
Indicator: Labor productivity of only domestic workers
Year: 2009
Value: 0.05 million CHF"
"135","31-33",2010,"Other manufacturing, repair and installation","Only domestic workers",44342.640132956,"Other manufacturing, repair and installation
Indicator: Labor productivity of only domestic workers
Year: 2010
Value: 0.04 million CHF"
"136","31-33",2011,"Other manufacturing, repair and installation","Only domestic workers",40710.2862830035,"Other manufacturing, repair and installation
Indicator: Labor productivity of only domestic workers
Year: 2011
Value: 0.04 million CHF"
"137","31-33",2012,"Other manufacturing, repair and installation","Only domestic workers",37475.3364058075,"Other manufacturing, repair and installation
Indicator: Labor productivity of only domestic workers
Year: 2012
Value: 0.04 million CHF"
"138","31-33",2013,"Other manufacturing, repair and installation","Only domestic workers",38928.4130870269,"Other manufacturing, repair and installation
Indicator: Labor productivity of only domestic workers
Year: 2013
Value: 0.04 million CHF"
"139","31-33",2014,"Other manufacturing, repair and installation","Only domestic workers",42584.2138177043,"Other manufacturing, repair and installation
Indicator: Labor productivity of only domestic workers
Year: 2014
Value: 0.04 million CHF"
"140","31-33",2015,"Other manufacturing, repair and installation","Only domestic workers",42843.8185912828,"Other manufacturing, repair and installation
Indicator: Labor productivity of only domestic workers
Year: 2015
Value: 0.04 million CHF"
"141","31-33",2016,"Other manufacturing, repair and installation","Only domestic workers",43150.6300351528,"Other manufacturing, repair and installation
Indicator: Labor productivity of only domestic workers
Year: 2016
Value: 0.04 million CHF"
"142","31-33",2017,"Other manufacturing, repair and installation","Only domestic workers",44447.4059926472,"Other manufacturing, repair and installation
Indicator: Labor productivity of only domestic workers
Year: 2017
Value: 0.04 million CHF"
"143","31-33",2018,"Other manufacturing, repair and installation","Only domestic workers",41546.4464739799,"Other manufacturing, repair and installation
Indicator: Labor productivity of only domestic workers
Year: 2018
Value: 0.04 million CHF"
"144","31-33",2019,"Other manufacturing, repair and installation","Only domestic workers",35472.2107804196,"Other manufacturing, repair and installation
Indicator: Labor productivity of only domestic workers
Year: 2019
Value: 0.04 million CHF"
"145","10-12",2008,"Food and tobacco products","Total jobs in firms",127273.679093714,"Food and tobacco products
Indicator: Labor productivity of total jobs in firms
Year: 2008
Value: 0.13 million CHF"
"146","10-12",2009,"Food and tobacco products","Total jobs in firms",126000.472704728,"Food and tobacco products
Indicator: Labor productivity of total jobs in firms
Year: 2009
Value: 0.13 million CHF"
"147","10-12",2010,"Food and tobacco products","Total jobs in firms",132652.870155431,"Food and tobacco products
Indicator: Labor productivity of total jobs in firms
Year: 2010
Value: 0.13 million CHF"
"148","10-12",2011,"Food and tobacco products","Total jobs in firms",148322.631876001,"Food and tobacco products
Indicator: Labor productivity of total jobs in firms
Year: 2011
Value: 0.15 million CHF"
"149","10-12",2012,"Food and tobacco products","Total jobs in firms",143220.591085068,"Food and tobacco products
Indicator: Labor productivity of total jobs in firms
Year: 2012
Value: 0.14 million CHF"
"150","10-12",2013,"Food and tobacco products","Total jobs in firms",142355.292470275,"Food and tobacco products
Indicator: Labor productivity of total jobs in firms
Year: 2013
Value: 0.14 million CHF"
"151","10-12",2014,"Food and tobacco products","Total jobs in firms",139150.93758521,"Food and tobacco products
Indicator: Labor productivity of total jobs in firms
Year: 2014
Value: 0.14 million CHF"
"152","10-12",2015,"Food and tobacco products","Total jobs in firms",134106.188242021,"Food and tobacco products
Indicator: Labor productivity of total jobs in firms
Year: 2015
Value: 0.13 million CHF"
"153","10-12",2016,"Food and tobacco products","Total jobs in firms",143737.831675701,"Food and tobacco products
Indicator: Labor productivity of total jobs in firms
Year: 2016
Value: 0.14 million CHF"
"154","10-12",2017,"Food and tobacco products","Total jobs in firms",147869.50497638,"Food and tobacco products
Indicator: Labor productivity of total jobs in firms
Year: 2017
Value: 0.15 million CHF"
"155","10-12",2018,"Food and tobacco products","Total jobs in firms",137245.794201942,"Food and tobacco products
Indicator: Labor productivity of total jobs in firms
Year: 2018
Value: 0.14 million CHF"
"156","10-12",2019,"Food and tobacco products","Total jobs in firms",137745.588011728,"Food and tobacco products
Indicator: Labor productivity of total jobs in firms
Year: 2019
Value: 0.14 million CHF"
"157","13-15",2008,"Textiles and apparel","Total jobs in firms",66089.1339206686,"Textiles and apparel
Indicator: Labor productivity of total jobs in firms
Year: 2008
Value: 0.07 million CHF"
"158","13-15",2009,"Textiles and apparel","Total jobs in firms",60897.3755945857,"Textiles and apparel
Indicator: Labor productivity of total jobs in firms
Year: 2009
Value: 0.06 million CHF"
"159","13-15",2010,"Textiles and apparel","Total jobs in firms",69735.2065905887,"Textiles and apparel
Indicator: Labor productivity of total jobs in firms
Year: 2010
Value: 0.07 million CHF"
"160","13-15",2011,"Textiles and apparel","Total jobs in firms",66386.9350846651,"Textiles and apparel
Indicator: Labor productivity of total jobs in firms
Year: 2011
Value: 0.07 million CHF"
"161","13-15",2012,"Textiles and apparel","Total jobs in firms",66897.6653488183,"Textiles and apparel
Indicator: Labor productivity of total jobs in firms
Year: 2012
Value: 0.07 million CHF"
"162","13-15",2013,"Textiles and apparel","Total jobs in firms",70497.8081891203,"Textiles and apparel
Indicator: Labor productivity of total jobs in firms
Year: 2013
Value: 0.07 million CHF"
"163","13-15",2014,"Textiles and apparel","Total jobs in firms",70919.7420386363,"Textiles and apparel
Indicator: Labor productivity of total jobs in firms
Year: 2014
Value: 0.07 million CHF"
"164","13-15",2015,"Textiles and apparel","Total jobs in firms",68922.8995455996,"Textiles and apparel
Indicator: Labor productivity of total jobs in firms
Year: 2015
Value: 0.07 million CHF"
"165","13-15",2016,"Textiles and apparel","Total jobs in firms",69784.724157471,"Textiles and apparel
Indicator: Labor productivity of total jobs in firms
Year: 2016
Value: 0.07 million CHF"
"166","13-15",2017,"Textiles and apparel","Total jobs in firms",72735.3173987911,"Textiles and apparel
Indicator: Labor productivity of total jobs in firms
Year: 2017
Value: 0.07 million CHF"
"167","13-15",2018,"Textiles and apparel","Total jobs in firms",76007.2763670045,"Textiles and apparel
Indicator: Labor productivity of total jobs in firms
Year: 2018
Value: 0.08 million CHF"
"168","13-15",2019,"Textiles and apparel","Total jobs in firms",73297.075915073,"Textiles and apparel
Indicator: Labor productivity of total jobs in firms
Year: 2019
Value: 0.07 million CHF"
"169","16-18",2008,"Wood and paper products, and printing","Total jobs in firms",100847.574764984,"Wood and paper products, and printing
Indicator: Labor productivity of total jobs in firms
Year: 2008
Value: 0.1 million CHF"
"170","16-18",2009,"Wood and paper products, and printing","Total jobs in firms",97409.620360254,"Wood and paper products, and printing
Indicator: Labor productivity of total jobs in firms
Year: 2009
Value: 0.1 million CHF"
"171","16-18",2010,"Wood and paper products, and printing","Total jobs in firms",99166.8918020694,"Wood and paper products, and printing
Indicator: Labor productivity of total jobs in firms
Year: 2010
Value: 0.1 million CHF"
"172","16-18",2011,"Wood and paper products, and printing","Total jobs in firms",99116.7324549319,"Wood and paper products, and printing
Indicator: Labor productivity of total jobs in firms
Year: 2011
Value: 0.1 million CHF"
"173","16-18",2012,"Wood and paper products, and printing","Total jobs in firms",95016.0288121036,"Wood and paper products, and printing
Indicator: Labor productivity of total jobs in firms
Year: 2012
Value: 0.1 million CHF"
"174","16-18",2013,"Wood and paper products, and printing","Total jobs in firms",94683.9545424861,"Wood and paper products, and printing
Indicator: Labor productivity of total jobs in firms
Year: 2013
Value: 0.09 million CHF"
"175","16-18",2014,"Wood and paper products, and printing","Total jobs in firms",96020.9360165546,"Wood and paper products, and printing
Indicator: Labor productivity of total jobs in firms
Year: 2014
Value: 0.1 million CHF"
"176","16-18",2015,"Wood and paper products, and printing","Total jobs in firms",90973.1098457516,"Wood and paper products, and printing
Indicator: Labor productivity of total jobs in firms
Year: 2015
Value: 0.09 million CHF"
"177","16-18",2016,"Wood and paper products, and printing","Total jobs in firms",88810.6334060992,"Wood and paper products, and printing
Indicator: Labor productivity of total jobs in firms
Year: 2016
Value: 0.09 million CHF"
"178","16-18",2017,"Wood and paper products, and printing","Total jobs in firms",87846.0127137589,"Wood and paper products, and printing
Indicator: Labor productivity of total jobs in firms
Year: 2017
Value: 0.09 million CHF"
"179","16-18",2018,"Wood and paper products, and printing","Total jobs in firms",91919.0704516147,"Wood and paper products, and printing
Indicator: Labor productivity of total jobs in firms
Year: 2018
Value: 0.09 million CHF"
"180","16-18",2019,"Wood and paper products, and printing","Total jobs in firms",93100.7251526594,"Wood and paper products, and printing
Indicator: Labor productivity of total jobs in firms
Year: 2019
Value: 0.09 million CHF"
"181","19-20",2008,"Coke, chemicals and chemical products","Total jobs in firms",176496.348414542,"Coke, chemicals and chemical products
Indicator: Labor productivity of total jobs in firms
Year: 2008
Value: 0.18 million CHF"
"182","19-20",2009,"Coke, chemicals and chemical products","Total jobs in firms",180500.148347918,"Coke, chemicals and chemical products
Indicator: Labor productivity of total jobs in firms
Year: 2009
Value: 0.18 million CHF"
"183","19-20",2010,"Coke, chemicals and chemical products","Total jobs in firms",188773.353566579,"Coke, chemicals and chemical products
Indicator: Labor productivity of total jobs in firms
Year: 2010
Value: 0.19 million CHF"
"184","19-20",2011,"Coke, chemicals and chemical products","Total jobs in firms",198099.678700457,"Coke, chemicals and chemical products
Indicator: Labor productivity of total jobs in firms
Year: 2011
Value: 0.2 million CHF"
"185","19-20",2012,"Coke, chemicals and chemical products","Total jobs in firms",198818.997705882,"Coke, chemicals and chemical products
Indicator: Labor productivity of total jobs in firms
Year: 2012
Value: 0.2 million CHF"
"186","19-20",2013,"Coke, chemicals and chemical products","Total jobs in firms",206153.89721053,"Coke, chemicals and chemical products
Indicator: Labor productivity of total jobs in firms
Year: 2013
Value: 0.21 million CHF"
"187","19-20",2014,"Coke, chemicals and chemical products","Total jobs in firms",211795.41203889,"Coke, chemicals and chemical products
Indicator: Labor productivity of total jobs in firms
Year: 2014
Value: 0.21 million CHF"
"188","19-20",2015,"Coke, chemicals and chemical products","Total jobs in firms",224286.009932976,"Coke, chemicals and chemical products
Indicator: Labor productivity of total jobs in firms
Year: 2015
Value: 0.22 million CHF"
"189","19-20",2016,"Coke, chemicals and chemical products","Total jobs in firms",240255.705830043,"Coke, chemicals and chemical products
Indicator: Labor productivity of total jobs in firms
Year: 2016
Value: 0.24 million CHF"
"190","19-20",2017,"Coke, chemicals and chemical products","Total jobs in firms",231475.774957735,"Coke, chemicals and chemical products
Indicator: Labor productivity of total jobs in firms
Year: 2017
Value: 0.23 million CHF"
"191","19-20",2018,"Coke, chemicals and chemical products","Total jobs in firms",262724.785614226,"Coke, chemicals and chemical products
Indicator: Labor productivity of total jobs in firms
Year: 2018
Value: 0.26 million CHF"
"192","19-20",2019,"Coke, chemicals and chemical products","Total jobs in firms",262597.517963488,"Coke, chemicals and chemical products
Indicator: Labor productivity of total jobs in firms
Year: 2019
Value: 0.26 million CHF"
"193","21",2008,"Pharmaceutical products","Total jobs in firms",655436.80640174,"Pharmaceutical products
Indicator: Labor productivity of total jobs in firms
Year: 2008
Value: 0.66 million CHF"
"194","21",2009,"Pharmaceutical products","Total jobs in firms",634193.338905779,"Pharmaceutical products
Indicator: Labor productivity of total jobs in firms
Year: 2009
Value: 0.63 million CHF"
"195","21",2010,"Pharmaceutical products","Total jobs in firms",620593.235955388,"Pharmaceutical products
Indicator: Labor productivity of total jobs in firms
Year: 2010
Value: 0.62 million CHF"
"196","21",2011,"Pharmaceutical products","Total jobs in firms",574046.711726995,"Pharmaceutical products
Indicator: Labor productivity of total jobs in firms
Year: 2011
Value: 0.57 million CHF"
"197","21",2012,"Pharmaceutical products","Total jobs in firms",565144.113020076,"Pharmaceutical products
Indicator: Labor productivity of total jobs in firms
Year: 2012
Value: 0.57 million CHF"
"198","21",2013,"Pharmaceutical products","Total jobs in firms",584382.992485914,"Pharmaceutical products
Indicator: Labor productivity of total jobs in firms
Year: 2013
Value: 0.58 million CHF"
"199","21",2014,"Pharmaceutical products","Total jobs in firms",575945.508429673,"Pharmaceutical products
Indicator: Labor productivity of total jobs in firms
Year: 2014
Value: 0.58 million CHF"
"200","21",2015,"Pharmaceutical products","Total jobs in firms",616963.265587147,"Pharmaceutical products
Indicator: Labor productivity of total jobs in firms
Year: 2015
Value: 0.62 million CHF"
"201","21",2016,"Pharmaceutical products","Total jobs in firms",696114.745428966,"Pharmaceutical products
Indicator: Labor productivity of total jobs in firms
Year: 2016
Value: 0.7 million CHF"
"202","21",2017,"Pharmaceutical products","Total jobs in firms",724496.493864976,"Pharmaceutical products
Indicator: Labor productivity of total jobs in firms
Year: 2017
Value: 0.72 million CHF"
"203","21",2018,"Pharmaceutical products","Total jobs in firms",773897.352790001,"Pharmaceutical products
Indicator: Labor productivity of total jobs in firms
Year: 2018
Value: 0.77 million CHF"
"204","21",2019,"Pharmaceutical products","Total jobs in firms",805069.637418053,"Pharmaceutical products
Indicator: Labor productivity of total jobs in firms
Year: 2019
Value: 0.81 million CHF"
"205","22-23",2008,"Rubber and plastics products","Total jobs in firms",131956.899233722,"Rubber and plastics products
Indicator: Labor productivity of total jobs in firms
Year: 2008
Value: 0.13 million CHF"
"206","22-23",2009,"Rubber and plastics products","Total jobs in firms",130878.533107742,"Rubber and plastics products
Indicator: Labor productivity of total jobs in firms
Year: 2009
Value: 0.13 million CHF"
"207","22-23",2010,"Rubber and plastics products","Total jobs in firms",134609.204133271,"Rubber and plastics products
Indicator: Labor productivity of total jobs in firms
Year: 2010
Value: 0.13 million CHF"
"208","22-23",2011,"Rubber and plastics products","Total jobs in firms",136810.992026643,"Rubber and plastics products
Indicator: Labor productivity of total jobs in firms
Year: 2011
Value: 0.14 million CHF"
"209","22-23",2012,"Rubber and plastics products","Total jobs in firms",132059.566966343,"Rubber and plastics products
Indicator: Labor productivity of total jobs in firms
Year: 2012
Value: 0.13 million CHF"
"210","22-23",2013,"Rubber and plastics products","Total jobs in firms",139773.522050906,"Rubber and plastics products
Indicator: Labor productivity of total jobs in firms
Year: 2013
Value: 0.14 million CHF"
"211","22-23",2014,"Rubber and plastics products","Total jobs in firms",141038.386841481,"Rubber and plastics products
Indicator: Labor productivity of total jobs in firms
Year: 2014
Value: 0.14 million CHF"
"212","22-23",2015,"Rubber and plastics products","Total jobs in firms",128733.497428269,"Rubber and plastics products
Indicator: Labor productivity of total jobs in firms
Year: 2015
Value: 0.13 million CHF"
"213","22-23",2016,"Rubber and plastics products","Total jobs in firms",134814.825588369,"Rubber and plastics products
Indicator: Labor productivity of total jobs in firms
Year: 2016
Value: 0.13 million CHF"
"214","22-23",2017,"Rubber and plastics products","Total jobs in firms",132705.54815008,"Rubber and plastics products
Indicator: Labor productivity of total jobs in firms
Year: 2017
Value: 0.13 million CHF"
"215","22-23",2018,"Rubber and plastics products","Total jobs in firms",132341.049873687,"Rubber and plastics products
Indicator: Labor productivity of total jobs in firms
Year: 2018
Value: 0.13 million CHF"
"216","22-23",2019,"Rubber and plastics products","Total jobs in firms",133670.242289493,"Rubber and plastics products
Indicator: Labor productivity of total jobs in firms
Year: 2019
Value: 0.13 million CHF"
"217","24-25",2008,"Metal products","Total jobs in firms",121591.312687934,"Metal products
Indicator: Labor productivity of total jobs in firms
Year: 2008
Value: 0.12 million CHF"
"218","24-25",2009,"Metal products","Total jobs in firms",104716.607731734,"Metal products
Indicator: Labor productivity of total jobs in firms
Year: 2009
Value: 0.1 million CHF"
"219","24-25",2010,"Metal products","Total jobs in firms",116014.948733695,"Metal products
Indicator: Labor productivity of total jobs in firms
Year: 2010
Value: 0.12 million CHF"
"220","24-25",2011,"Metal products","Total jobs in firms",119464.748490502,"Metal products
Indicator: Labor productivity of total jobs in firms
Year: 2011
Value: 0.12 million CHF"
"221","24-25",2012,"Metal products","Total jobs in firms",111571.918884282,"Metal products
Indicator: Labor productivity of total jobs in firms
Year: 2012
Value: 0.11 million CHF"
"222","24-25",2013,"Metal products","Total jobs in firms",111942.298135687,"Metal products
Indicator: Labor productivity of total jobs in firms
Year: 2013
Value: 0.11 million CHF"
"223","24-25",2014,"Metal products","Total jobs in firms",111909.272397023,"Metal products
Indicator: Labor productivity of total jobs in firms
Year: 2014
Value: 0.11 million CHF"
"224","24-25",2015,"Metal products","Total jobs in firms",110665.873912095,"Metal products
Indicator: Labor productivity of total jobs in firms
Year: 2015
Value: 0.11 million CHF"
"225","24-25",2016,"Metal products","Total jobs in firms",113211.961079035,"Metal products
Indicator: Labor productivity of total jobs in firms
Year: 2016
Value: 0.11 million CHF"
"226","24-25",2017,"Metal products","Total jobs in firms",122069.633545229,"Metal products
Indicator: Labor productivity of total jobs in firms
Year: 2017
Value: 0.12 million CHF"
"227","24-25",2018,"Metal products","Total jobs in firms",121684.607077252,"Metal products
Indicator: Labor productivity of total jobs in firms
Year: 2018
Value: 0.12 million CHF"
"228","24-25",2019,"Metal products","Total jobs in firms",115352.374183649,"Metal products
Indicator: Labor productivity of total jobs in firms
Year: 2019
Value: 0.12 million CHF"
"229","26",2008,"Computer, electronic and optical products; watches and clocks","Total jobs in firms",214326.239550145,"Computer, electronic and optical products; watches and clocks
Indicator: Labor productivity of total jobs in firms
Year: 2008
Value: 0.21 million CHF"
"230","26",2009,"Computer, electronic and optical products; watches and clocks","Total jobs in firms",190508.579070821,"Computer, electronic and optical products; watches and clocks
Indicator: Labor productivity of total jobs in firms
Year: 2009
Value: 0.19 million CHF"
"231","26",2010,"Computer, electronic and optical products; watches and clocks","Total jobs in firms",200693.337614387,"Computer, electronic and optical products; watches and clocks
Indicator: Labor productivity of total jobs in firms
Year: 2010
Value: 0.2 million CHF"
"232","26",2011,"Computer, electronic and optical products; watches and clocks","Total jobs in firms",219332.32474089,"Computer, electronic and optical products; watches and clocks
Indicator: Labor productivity of total jobs in firms
Year: 2011
Value: 0.22 million CHF"
"233","26",2012,"Computer, electronic and optical products; watches and clocks","Total jobs in firms",229525.92648855,"Computer, electronic and optical products; watches and clocks
Indicator: Labor productivity of total jobs in firms
Year: 2012
Value: 0.23 million CHF"
"234","26",2013,"Computer, electronic and optical products; watches and clocks","Total jobs in firms",233358.8246502,"Computer, electronic and optical products; watches and clocks
Indicator: Labor productivity of total jobs in firms
Year: 2013
Value: 0.23 million CHF"
"235","26",2014,"Computer, electronic and optical products; watches and clocks","Total jobs in firms",232700.794978589,"Computer, electronic and optical products; watches and clocks
Indicator: Labor productivity of total jobs in firms
Year: 2014
Value: 0.23 million CHF"
"236","26",2015,"Computer, electronic and optical products; watches and clocks","Total jobs in firms",206189.857435834,"Computer, electronic and optical products; watches and clocks
Indicator: Labor productivity of total jobs in firms
Year: 2015
Value: 0.21 million CHF"
"237","26",2016,"Computer, electronic and optical products; watches and clocks","Total jobs in firms",203255.852879181,"Computer, electronic and optical products; watches and clocks
Indicator: Labor productivity of total jobs in firms
Year: 2016
Value: 0.2 million CHF"
"238","26",2017,"Computer, electronic and optical products; watches and clocks","Total jobs in firms",202689.257588982,"Computer, electronic and optical products; watches and clocks
Indicator: Labor productivity of total jobs in firms
Year: 2017
Value: 0.2 million CHF"
"239","26",2018,"Computer, electronic and optical products; watches and clocks","Total jobs in firms",209170.99426873,"Computer, electronic and optical products; watches and clocks
Indicator: Labor productivity of total jobs in firms
Year: 2018
Value: 0.21 million CHF"
"240","26",2019,"Computer, electronic and optical products; watches and clocks","Total jobs in firms",209309.187729315,"Computer, electronic and optical products; watches and clocks
Indicator: Labor productivity of total jobs in firms
Year: 2019
Value: 0.21 million CHF"
"241","27",2008,"Electrical equipment","Total jobs in firms",162178.449968847,"Electrical equipment
Indicator: Labor productivity of total jobs in firms
Year: 2008
Value: 0.16 million CHF"
"242","27",2009,"Electrical equipment","Total jobs in firms",150938.647572474,"Electrical equipment
Indicator: Labor productivity of total jobs in firms
Year: 2009
Value: 0.15 million CHF"
"243","27",2010,"Electrical equipment","Total jobs in firms",145313.503334206,"Electrical equipment
Indicator: Labor productivity of total jobs in firms
Year: 2010
Value: 0.15 million CHF"
"244","27",2011,"Electrical equipment","Total jobs in firms",150378.91348935,"Electrical equipment
Indicator: Labor productivity of total jobs in firms
Year: 2011
Value: 0.15 million CHF"
"245","27",2012,"Electrical equipment","Total jobs in firms",145809.362747663,"Electrical equipment
Indicator: Labor productivity of total jobs in firms
Year: 2012
Value: 0.15 million CHF"
"246","27",2013,"Electrical equipment","Total jobs in firms",156472.073806822,"Electrical equipment
Indicator: Labor productivity of total jobs in firms
Year: 2013
Value: 0.16 million CHF"
"247","27",2014,"Electrical equipment","Total jobs in firms",146105.80669931,"Electrical equipment
Indicator: Labor productivity of total jobs in firms
Year: 2014
Value: 0.15 million CHF"
"248","27",2015,"Electrical equipment","Total jobs in firms",146858.490300655,"Electrical equipment
Indicator: Labor productivity of total jobs in firms
Year: 2015
Value: 0.15 million CHF"
"249","27",2016,"Electrical equipment","Total jobs in firms",159606.593040722,"Electrical equipment
Indicator: Labor productivity of total jobs in firms
Year: 2016
Value: 0.16 million CHF"
"250","27",2017,"Electrical equipment","Total jobs in firms",153945.344856811,"Electrical equipment
Indicator: Labor productivity of total jobs in firms
Year: 2017
Value: 0.15 million CHF"
"251","27",2018,"Electrical equipment","Total jobs in firms",150576.685236244,"Electrical equipment
Indicator: Labor productivity of total jobs in firms
Year: 2018
Value: 0.15 million CHF"
"252","27",2019,"Electrical equipment","Total jobs in firms",156102.203165882,"Electrical equipment
Indicator: Labor productivity of total jobs in firms
Year: 2019
Value: 0.16 million CHF"
"253","28",2008,"Machinery and equipment n.e.c.","Total jobs in firms",139976.129419961,"Machinery and equipment n.e.c.
Indicator: Labor productivity of total jobs in firms
Year: 2008
Value: 0.14 million CHF"
"254","28",2009,"Machinery and equipment n.e.c.","Total jobs in firms",128391.746423562,"Machinery and equipment n.e.c.
Indicator: Labor productivity of total jobs in firms
Year: 2009
Value: 0.13 million CHF"
"255","28",2010,"Machinery and equipment n.e.c.","Total jobs in firms",145700.764445842,"Machinery and equipment n.e.c.
Indicator: Labor productivity of total jobs in firms
Year: 2010
Value: 0.15 million CHF"
"256","28",2011,"Machinery and equipment n.e.c.","Total jobs in firms",148253.558210191,"Machinery and equipment n.e.c.
Indicator: Labor productivity of total jobs in firms
Year: 2011
Value: 0.15 million CHF"
"257","28",2012,"Machinery and equipment n.e.c.","Total jobs in firms",136912.184529533,"Machinery and equipment n.e.c.
Indicator: Labor productivity of total jobs in firms
Year: 2012
Value: 0.14 million CHF"
"258","28",2013,"Machinery and equipment n.e.c.","Total jobs in firms",143336.019039007,"Machinery and equipment n.e.c.
Indicator: Labor productivity of total jobs in firms
Year: 2013
Value: 0.14 million CHF"
"259","28",2014,"Machinery and equipment n.e.c.","Total jobs in firms",148943.331417885,"Machinery and equipment n.e.c.
Indicator: Labor productivity of total jobs in firms
Year: 2014
Value: 0.15 million CHF"
"260","28",2015,"Machinery and equipment n.e.c.","Total jobs in firms",146995.727355809,"Machinery and equipment n.e.c.
Indicator: Labor productivity of total jobs in firms
Year: 2015
Value: 0.15 million CHF"
"261","28",2016,"Machinery and equipment n.e.c.","Total jobs in firms",151557.355721929,"Machinery and equipment n.e.c.
Indicator: Labor productivity of total jobs in firms
Year: 2016
Value: 0.15 million CHF"
"262","28",2017,"Machinery and equipment n.e.c.","Total jobs in firms",153521.225064246,"Machinery and equipment n.e.c.
Indicator: Labor productivity of total jobs in firms
Year: 2017
Value: 0.15 million CHF"
"263","28",2018,"Machinery and equipment n.e.c.","Total jobs in firms",158071.950238723,"Machinery and equipment n.e.c.
Indicator: Labor productivity of total jobs in firms
Year: 2018
Value: 0.16 million CHF"
"264","28",2019,"Machinery and equipment n.e.c.","Total jobs in firms",151536.820712579,"Machinery and equipment n.e.c.
Indicator: Labor productivity of total jobs in firms
Year: 2019
Value: 0.15 million CHF"
"265","29-30",2008,"Transport equipment","Total jobs in firms",112398.157305041,"Transport equipment
Indicator: Labor productivity of total jobs in firms
Year: 2008
Value: 0.11 million CHF"
"266","29-30",2009,"Transport equipment","Total jobs in firms",103977.043985107,"Transport equipment
Indicator: Labor productivity of total jobs in firms
Year: 2009
Value: 0.1 million CHF"
"267","29-30",2010,"Transport equipment","Total jobs in firms",141458.111071071,"Transport equipment
Indicator: Labor productivity of total jobs in firms
Year: 2010
Value: 0.14 million CHF"
"268","29-30",2011,"Transport equipment","Total jobs in firms",177146.896421582,"Transport equipment
Indicator: Labor productivity of total jobs in firms
Year: 2011
Value: 0.18 million CHF"
"269","29-30",2012,"Transport equipment","Total jobs in firms",182715.910472477,"Transport equipment
Indicator: Labor productivity of total jobs in firms
Year: 2012
Value: 0.18 million CHF"
"270","29-30",2013,"Transport equipment","Total jobs in firms",187331.758038042,"Transport equipment
Indicator: Labor productivity of total jobs in firms
Year: 2013
Value: 0.19 million CHF"
"271","29-30",2014,"Transport equipment","Total jobs in firms",179844.882868782,"Transport equipment
Indicator: Labor productivity of total jobs in firms
Year: 2014
Value: 0.18 million CHF"
"272","29-30",2015,"Transport equipment","Total jobs in firms",176679.436473336,"Transport equipment
Indicator: Labor productivity of total jobs in firms
Year: 2015
Value: 0.18 million CHF"
"273","29-30",2016,"Transport equipment","Total jobs in firms",164582.76981028,"Transport equipment
Indicator: Labor productivity of total jobs in firms
Year: 2016
Value: 0.16 million CHF"
"274","29-30",2017,"Transport equipment","Total jobs in firms",153496.150005792,"Transport equipment
Indicator: Labor productivity of total jobs in firms
Year: 2017
Value: 0.15 million CHF"
"275","29-30",2018,"Transport equipment","Total jobs in firms",155172.880936929,"Transport equipment
Indicator: Labor productivity of total jobs in firms
Year: 2018
Value: 0.16 million CHF"
"276","29-30",2019,"Transport equipment","Total jobs in firms",149372.599259469,"Transport equipment
Indicator: Labor productivity of total jobs in firms
Year: 2019
Value: 0.15 million CHF"
"277","31-33",2008,"Other manufacturing, repair and installation","Total jobs in firms",34937.533962055,"Other manufacturing, repair and installation
Indicator: Labor productivity of total jobs in firms
Year: 2008
Value: 0.03 million CHF"
"278","31-33",2009,"Other manufacturing, repair and installation","Total jobs in firms",30551.3540012955,"Other manufacturing, repair and installation
Indicator: Labor productivity of total jobs in firms
Year: 2009
Value: 0.03 million CHF"
"279","31-33",2010,"Other manufacturing, repair and installation","Total jobs in firms",27492.7036768165,"Other manufacturing, repair and installation
Indicator: Labor productivity of total jobs in firms
Year: 2010
Value: 0.03 million CHF"
"280","31-33",2011,"Other manufacturing, repair and installation","Total jobs in firms",26737.1792084541,"Other manufacturing, repair and installation
Indicator: Labor productivity of total jobs in firms
Year: 2011
Value: 0.03 million CHF"
"281","31-33",2012,"Other manufacturing, repair and installation","Total jobs in firms",25439.7858947517,"Other manufacturing, repair and installation
Indicator: Labor productivity of total jobs in firms
Year: 2012
Value: 0.03 million CHF"
"282","31-33",2013,"Other manufacturing, repair and installation","Total jobs in firms",26456.1729766976,"Other manufacturing, repair and installation
Indicator: Labor productivity of total jobs in firms
Year: 2013
Value: 0.03 million CHF"
"283","31-33",2014,"Other manufacturing, repair and installation","Total jobs in firms",28102.9195239582,"Other manufacturing, repair and installation
Indicator: Labor productivity of total jobs in firms
Year: 2014
Value: 0.03 million CHF"
"284","31-33",2015,"Other manufacturing, repair and installation","Total jobs in firms",28880.1210918451,"Other manufacturing, repair and installation
Indicator: Labor productivity of total jobs in firms
Year: 2015
Value: 0.03 million CHF"
"285","31-33",2016,"Other manufacturing, repair and installation","Total jobs in firms",29242.200304371,"Other manufacturing, repair and installation
Indicator: Labor productivity of total jobs in firms
Year: 2016
Value: 0.03 million CHF"
"286","31-33",2017,"Other manufacturing, repair and installation","Total jobs in firms",29531.624885556,"Other manufacturing, repair and installation
Indicator: Labor productivity of total jobs in firms
Year: 2017
Value: 0.03 million CHF"
"287","31-33",2018,"Other manufacturing, repair and installation","Total jobs in firms",30091.859015744,"Other manufacturing, repair and installation
Indicator: Labor productivity of total jobs in firms
Year: 2018
Value: 0.03 million CHF"
"288","31-33",2019,"Other manufacturing, repair and installation","Total jobs in firms",29840.6685709982,"Other manufacturing, repair and installation
Indicator: Labor productivity of total jobs in firms
Year: 2019
Value: 0.03 million CHF"
"289","10-12",2008,"Food and tobacco products","Domestic and cross-border workers",199088.214998326,"Food and tobacco products
Indicator: Labor productivity of domestic and cross-border workers
Year: 2008
Value: 0.2 million CHF"
"290","10-12",2009,"Food and tobacco products","Domestic and cross-border workers",187056.538379019,"Food and tobacco products
Indicator: Labor productivity of domestic and cross-border workers
Year: 2009
Value: 0.19 million CHF"
"291","10-12",2010,"Food and tobacco products","Domestic and cross-border workers",191312.109310159,"Food and tobacco products
Indicator: Labor productivity of domestic and cross-border workers
Year: 2010
Value: 0.19 million CHF"
"292","10-12",2011,"Food and tobacco products","Domestic and cross-border workers",222252.819786931,"Food and tobacco products
Indicator: Labor productivity of domestic and cross-border workers
Year: 2011
Value: 0.22 million CHF"
"293","10-12",2012,"Food and tobacco products","Domestic and cross-border workers",207983.955449694,"Food and tobacco products
Indicator: Labor productivity of domestic and cross-border workers
Year: 2012
Value: 0.21 million CHF"
"294","10-12",2013,"Food and tobacco products","Domestic and cross-border workers",184533.21469061,"Food and tobacco products
Indicator: Labor productivity of domestic and cross-border workers
Year: 2013
Value: 0.18 million CHF"
"295","10-12",2014,"Food and tobacco products","Domestic and cross-border workers",169224.635636169,"Food and tobacco products
Indicator: Labor productivity of domestic and cross-border workers
Year: 2014
Value: 0.17 million CHF"
"296","10-12",2015,"Food and tobacco products","Domestic and cross-border workers",150165.598524069,"Food and tobacco products
Indicator: Labor productivity of domestic and cross-border workers
Year: 2015
Value: 0.15 million CHF"
"297","10-12",2016,"Food and tobacco products","Domestic and cross-border workers",164267.870544085,"Food and tobacco products
Indicator: Labor productivity of domestic and cross-border workers
Year: 2016
Value: 0.16 million CHF"
"298","10-12",2017,"Food and tobacco products","Domestic and cross-border workers",163648.51724132,"Food and tobacco products
Indicator: Labor productivity of domestic and cross-border workers
Year: 2017
Value: 0.16 million CHF"
"299","10-12",2018,"Food and tobacco products","Domestic and cross-border workers",158650.722826,"Food and tobacco products
Indicator: Labor productivity of domestic and cross-border workers
Year: 2018
Value: 0.16 million CHF"
"300","10-12",2019,"Food and tobacco products","Domestic and cross-border workers",172224.154970945,"Food and tobacco products
Indicator: Labor productivity of domestic and cross-border workers
Year: 2019
Value: 0.17 million CHF"
"301","13-15",2008,"Textiles and apparel","Domestic and cross-border workers",94321.3889017525,"Textiles and apparel
Indicator: Labor productivity of domestic and cross-border workers
Year: 2008
Value: 0.09 million CHF"
"302","13-15",2009,"Textiles and apparel","Domestic and cross-border workers",75509.0469280731,"Textiles and apparel
Indicator: Labor productivity of domestic and cross-border workers
Year: 2009
Value: 0.08 million CHF"
"303","13-15",2010,"Textiles and apparel","Domestic and cross-border workers",74862.0990253312,"Textiles and apparel
Indicator: Labor productivity of domestic and cross-border workers
Year: 2010
Value: 0.07 million CHF"
"304","13-15",2011,"Textiles and apparel","Domestic and cross-border workers",101300.790736706,"Textiles and apparel
Indicator: Labor productivity of domestic and cross-border workers
Year: 2011
Value: 0.1 million CHF"
"305","13-15",2012,"Textiles and apparel","Domestic and cross-border workers",104559.859444082,"Textiles and apparel
Indicator: Labor productivity of domestic and cross-border workers
Year: 2012
Value: 0.1 million CHF"
"306","13-15",2013,"Textiles and apparel","Domestic and cross-border workers",94342.7275224471,"Textiles and apparel
Indicator: Labor productivity of domestic and cross-border workers
Year: 2013
Value: 0.09 million CHF"
"307","13-15",2014,"Textiles and apparel","Domestic and cross-border workers",85658.516444768,"Textiles and apparel
Indicator: Labor productivity of domestic and cross-border workers
Year: 2014
Value: 0.09 million CHF"
"308","13-15",2015,"Textiles and apparel","Domestic and cross-border workers",103031.362334695,"Textiles and apparel
Indicator: Labor productivity of domestic and cross-border workers
Year: 2015
Value: 0.1 million CHF"
"309","13-15",2016,"Textiles and apparel","Domestic and cross-border workers",92001.5326632284,"Textiles and apparel
Indicator: Labor productivity of domestic and cross-border workers
Year: 2016
Value: 0.09 million CHF"
"310","13-15",2017,"Textiles and apparel","Domestic and cross-border workers",93617.4312272199,"Textiles and apparel
Indicator: Labor productivity of domestic and cross-border workers
Year: 2017
Value: 0.09 million CHF"
"311","13-15",2018,"Textiles and apparel","Domestic and cross-border workers",117385.802298122,"Textiles and apparel
Indicator: Labor productivity of domestic and cross-border workers
Year: 2018
Value: 0.12 million CHF"
"312","13-15",2019,"Textiles and apparel","Domestic and cross-border workers",94263.9233943651,"Textiles and apparel
Indicator: Labor productivity of domestic and cross-border workers
Year: 2019
Value: 0.09 million CHF"
"313","16-18",2008,"Wood and paper products, and printing","Domestic and cross-border workers",112983.037871557,"Wood and paper products, and printing
Indicator: Labor productivity of domestic and cross-border workers
Year: 2008
Value: 0.11 million CHF"
"314","16-18",2009,"Wood and paper products, and printing","Domestic and cross-border workers",111819.98664081,"Wood and paper products, and printing
Indicator: Labor productivity of domestic and cross-border workers
Year: 2009
Value: 0.11 million CHF"
"315","16-18",2010,"Wood and paper products, and printing","Domestic and cross-border workers",117698.727273341,"Wood and paper products, and printing
Indicator: Labor productivity of domestic and cross-border workers
Year: 2010
Value: 0.12 million CHF"
"316","16-18",2011,"Wood and paper products, and printing","Domestic and cross-border workers",119273.532636039,"Wood and paper products, and printing
Indicator: Labor productivity of domestic and cross-border workers
Year: 2011
Value: 0.12 million CHF"
"317","16-18",2012,"Wood and paper products, and printing","Domestic and cross-border workers",122300.90970285,"Wood and paper products, and printing
Indicator: Labor productivity of domestic and cross-border workers
Year: 2012
Value: 0.12 million CHF"
"318","16-18",2013,"Wood and paper products, and printing","Domestic and cross-border workers",106665.048152096,"Wood and paper products, and printing
Indicator: Labor productivity of domestic and cross-border workers
Year: 2013
Value: 0.11 million CHF"
"319","16-18",2014,"Wood and paper products, and printing","Domestic and cross-border workers",109674.23973087,"Wood and paper products, and printing
Indicator: Labor productivity of domestic and cross-border workers
Year: 2014
Value: 0.11 million CHF"
"320","16-18",2015,"Wood and paper products, and printing","Domestic and cross-border workers",109464.89307274,"Wood and paper products, and printing
Indicator: Labor productivity of domestic and cross-border workers
Year: 2015
Value: 0.11 million CHF"
"321","16-18",2016,"Wood and paper products, and printing","Domestic and cross-border workers",107754.388854098,"Wood and paper products, and printing
Indicator: Labor productivity of domestic and cross-border workers
Year: 2016
Value: 0.11 million CHF"
"322","16-18",2017,"Wood and paper products, and printing","Domestic and cross-border workers",118793.638550574,"Wood and paper products, and printing
Indicator: Labor productivity of domestic and cross-border workers
Year: 2017
Value: 0.12 million CHF"
"323","16-18",2018,"Wood and paper products, and printing","Domestic and cross-border workers",121450.051249487,"Wood and paper products, and printing
Indicator: Labor productivity of domestic and cross-border workers
Year: 2018
Value: 0.12 million CHF"
"324","16-18",2019,"Wood and paper products, and printing","Domestic and cross-border workers",116221.861589542,"Wood and paper products, and printing
Indicator: Labor productivity of domestic and cross-border workers
Year: 2019
Value: 0.12 million CHF"
"325","19-20",2008,"Coke, chemicals and chemical products","Domestic and cross-border workers",196475.392743289,"Coke, chemicals and chemical products
Indicator: Labor productivity of domestic and cross-border workers
Year: 2008
Value: 0.2 million CHF"
"326","19-20",2009,"Coke, chemicals and chemical products","Domestic and cross-border workers",214343.096347733,"Coke, chemicals and chemical products
Indicator: Labor productivity of domestic and cross-border workers
Year: 2009
Value: 0.21 million CHF"
"327","19-20",2010,"Coke, chemicals and chemical products","Domestic and cross-border workers",172147.828187026,"Coke, chemicals and chemical products
Indicator: Labor productivity of domestic and cross-border workers
Year: 2010
Value: 0.17 million CHF"
"328","19-20",2011,"Coke, chemicals and chemical products","Domestic and cross-border workers",170732.388504459,"Coke, chemicals and chemical products
Indicator: Labor productivity of domestic and cross-border workers
Year: 2011
Value: 0.17 million CHF"
"329","19-20",2012,"Coke, chemicals and chemical products","Domestic and cross-border workers",185730.950652032,"Coke, chemicals and chemical products
Indicator: Labor productivity of domestic and cross-border workers
Year: 2012
Value: 0.19 million CHF"
"330","19-20",2013,"Coke, chemicals and chemical products","Domestic and cross-border workers",183419.100746366,"Coke, chemicals and chemical products
Indicator: Labor productivity of domestic and cross-border workers
Year: 2013
Value: 0.18 million CHF"
"331","19-20",2014,"Coke, chemicals and chemical products","Domestic and cross-border workers",193651.865714028,"Coke, chemicals and chemical products
Indicator: Labor productivity of domestic and cross-border workers
Year: 2014
Value: 0.19 million CHF"
"332","19-20",2015,"Coke, chemicals and chemical products","Domestic and cross-border workers",200161.395790363,"Coke, chemicals and chemical products
Indicator: Labor productivity of domestic and cross-border workers
Year: 2015
Value: 0.2 million CHF"
"333","19-20",2016,"Coke, chemicals and chemical products","Domestic and cross-border workers",215610.877369845,"Coke, chemicals and chemical products
Indicator: Labor productivity of domestic and cross-border workers
Year: 2016
Value: 0.22 million CHF"
"334","19-20",2017,"Coke, chemicals and chemical products","Domestic and cross-border workers",226499.134719056,"Coke, chemicals and chemical products
Indicator: Labor productivity of domestic and cross-border workers
Year: 2017
Value: 0.23 million CHF"
"335","19-20",2018,"Coke, chemicals and chemical products","Domestic and cross-border workers",247039.096243683,"Coke, chemicals and chemical products
Indicator: Labor productivity of domestic and cross-border workers
Year: 2018
Value: 0.25 million CHF"
"336","19-20",2019,"Coke, chemicals and chemical products","Domestic and cross-border workers",256789.535163102,"Coke, chemicals and chemical products
Indicator: Labor productivity of domestic and cross-border workers
Year: 2019
Value: 0.26 million CHF"
"337","21",2008,"Pharmaceutical products","Domestic and cross-border workers",726332.343956119,"Pharmaceutical products
Indicator: Labor productivity of domestic and cross-border workers
Year: 2008
Value: 0.73 million CHF"
"338","21",2009,"Pharmaceutical products","Domestic and cross-border workers",703745.778640413,"Pharmaceutical products
Indicator: Labor productivity of domestic and cross-border workers
Year: 2009
Value: 0.7 million CHF"
"339","21",2010,"Pharmaceutical products","Domestic and cross-border workers",707641.603614312,"Pharmaceutical products
Indicator: Labor productivity of domestic and cross-border workers
Year: 2010
Value: 0.71 million CHF"
"340","21",2011,"Pharmaceutical products","Domestic and cross-border workers",716861.651854338,"Pharmaceutical products
Indicator: Labor productivity of domestic and cross-border workers
Year: 2011
Value: 0.72 million CHF"
"341","21",2012,"Pharmaceutical products","Domestic and cross-border workers",652127.462299726,"Pharmaceutical products
Indicator: Labor productivity of domestic and cross-border workers
Year: 2012
Value: 0.65 million CHF"
"342","21",2013,"Pharmaceutical products","Domestic and cross-border workers",676510.966951533,"Pharmaceutical products
Indicator: Labor productivity of domestic and cross-border workers
Year: 2013
Value: 0.68 million CHF"
"343","21",2014,"Pharmaceutical products","Domestic and cross-border workers",673356.964261963,"Pharmaceutical products
Indicator: Labor productivity of domestic and cross-border workers
Year: 2014
Value: 0.67 million CHF"
"344","21",2015,"Pharmaceutical products","Domestic and cross-border workers",740567.108330768,"Pharmaceutical products
Indicator: Labor productivity of domestic and cross-border workers
Year: 2015
Value: 0.74 million CHF"
"345","21",2016,"Pharmaceutical products","Domestic and cross-border workers",780067.887989803,"Pharmaceutical products
Indicator: Labor productivity of domestic and cross-border workers
Year: 2016
Value: 0.78 million CHF"
"346","21",2017,"Pharmaceutical products","Domestic and cross-border workers",776477.850141445,"Pharmaceutical products
Indicator: Labor productivity of domestic and cross-border workers
Year: 2017
Value: 0.78 million CHF"
"347","21",2018,"Pharmaceutical products","Domestic and cross-border workers",941209.904574211,"Pharmaceutical products
Indicator: Labor productivity of domestic and cross-border workers
Year: 2018
Value: 0.94 million CHF"
"348","21",2019,"Pharmaceutical products","Domestic and cross-border workers",946162.012355007,"Pharmaceutical products
Indicator: Labor productivity of domestic and cross-border workers
Year: 2019
Value: 0.95 million CHF"
"349","22-23",2008,"Rubber and plastics products","Domestic and cross-border workers",168409.936569025,"Rubber and plastics products
Indicator: Labor productivity of domestic and cross-border workers
Year: 2008
Value: 0.17 million CHF"
"350","22-23",2009,"Rubber and plastics products","Domestic and cross-border workers",168396.302251238,"Rubber and plastics products
Indicator: Labor productivity of domestic and cross-border workers
Year: 2009
Value: 0.17 million CHF"
"351","22-23",2010,"Rubber and plastics products","Domestic and cross-border workers",146813.987857454,"Rubber and plastics products
Indicator: Labor productivity of domestic and cross-border workers
Year: 2010
Value: 0.15 million CHF"
"352","22-23",2011,"Rubber and plastics products","Domestic and cross-border workers",148640.685208891,"Rubber and plastics products
Indicator: Labor productivity of domestic and cross-border workers
Year: 2011
Value: 0.15 million CHF"
"353","22-23",2012,"Rubber and plastics products","Domestic and cross-border workers",143828.451048727,"Rubber and plastics products
Indicator: Labor productivity of domestic and cross-border workers
Year: 2012
Value: 0.14 million CHF"
"354","22-23",2013,"Rubber and plastics products","Domestic and cross-border workers",166156.164856653,"Rubber and plastics products
Indicator: Labor productivity of domestic and cross-border workers
Year: 2013
Value: 0.17 million CHF"
"355","22-23",2014,"Rubber and plastics products","Domestic and cross-border workers",173143.561296997,"Rubber and plastics products
Indicator: Labor productivity of domestic and cross-border workers
Year: 2014
Value: 0.17 million CHF"
"356","22-23",2015,"Rubber and plastics products","Domestic and cross-border workers",149152.432410122,"Rubber and plastics products
Indicator: Labor productivity of domestic and cross-border workers
Year: 2015
Value: 0.15 million CHF"
"357","22-23",2016,"Rubber and plastics products","Domestic and cross-border workers",148334.262116101,"Rubber and plastics products
Indicator: Labor productivity of domestic and cross-border workers
Year: 2016
Value: 0.15 million CHF"
"358","22-23",2017,"Rubber and plastics products","Domestic and cross-border workers",139271.158543037,"Rubber and plastics products
Indicator: Labor productivity of domestic and cross-border workers
Year: 2017
Value: 0.14 million CHF"
"359","22-23",2018,"Rubber and plastics products","Domestic and cross-border workers",148333.650009725,"Rubber and plastics products
Indicator: Labor productivity of domestic and cross-border workers
Year: 2018
Value: 0.15 million CHF"
"360","22-23",2019,"Rubber and plastics products","Domestic and cross-border workers",152981.43411494,"Rubber and plastics products
Indicator: Labor productivity of domestic and cross-border workers
Year: 2019
Value: 0.15 million CHF"
"361","24-25",2008,"Metal products","Domestic and cross-border workers",161805.429159933,"Metal products
Indicator: Labor productivity of domestic and cross-border workers
Year: 2008
Value: 0.16 million CHF"
"362","24-25",2009,"Metal products","Domestic and cross-border workers",118385.069269881,"Metal products
Indicator: Labor productivity of domestic and cross-border workers
Year: 2009
Value: 0.12 million CHF"
"363","24-25",2010,"Metal products","Domestic and cross-border workers",139350.305105705,"Metal products
Indicator: Labor productivity of domestic and cross-border workers
Year: 2010
Value: 0.14 million CHF"
"364","24-25",2011,"Metal products","Domestic and cross-border workers",138223.393994971,"Metal products
Indicator: Labor productivity of domestic and cross-border workers
Year: 2011
Value: 0.14 million CHF"
"365","24-25",2012,"Metal products","Domestic and cross-border workers",133037.303098115,"Metal products
Indicator: Labor productivity of domestic and cross-border workers
Year: 2012
Value: 0.13 million CHF"
"366","24-25",2013,"Metal products","Domestic and cross-border workers",135167.891272044,"Metal products
Indicator: Labor productivity of domestic and cross-border workers
Year: 2013
Value: 0.14 million CHF"
"367","24-25",2014,"Metal products","Domestic and cross-border workers",136182.741969264,"Metal products
Indicator: Labor productivity of domestic and cross-border workers
Year: 2014
Value: 0.14 million CHF"
"368","24-25",2015,"Metal products","Domestic and cross-border workers",139877.345603672,"Metal products
Indicator: Labor productivity of domestic and cross-border workers
Year: 2015
Value: 0.14 million CHF"
"369","24-25",2016,"Metal products","Domestic and cross-border workers",146098.97242617,"Metal products
Indicator: Labor productivity of domestic and cross-border workers
Year: 2016
Value: 0.15 million CHF"
"370","24-25",2017,"Metal products","Domestic and cross-border workers",153261.209836969,"Metal products
Indicator: Labor productivity of domestic and cross-border workers
Year: 2017
Value: 0.15 million CHF"
"371","24-25",2018,"Metal products","Domestic and cross-border workers",141648.007002564,"Metal products
Indicator: Labor productivity of domestic and cross-border workers
Year: 2018
Value: 0.14 million CHF"
"372","24-25",2019,"Metal products","Domestic and cross-border workers",141036.163566556,"Metal products
Indicator: Labor productivity of domestic and cross-border workers
Year: 2019
Value: 0.14 million CHF"
"373","26",2008,"Computer, electronic and optical products; watches and clocks","Domestic and cross-border workers",233719.285665426,"Computer, electronic and optical products; watches and clocks
Indicator: Labor productivity of domestic and cross-border workers
Year: 2008
Value: 0.23 million CHF"
"374","26",2009,"Computer, electronic and optical products; watches and clocks","Domestic and cross-border workers",194229.58586755,"Computer, electronic and optical products; watches and clocks
Indicator: Labor productivity of domestic and cross-border workers
Year: 2009
Value: 0.19 million CHF"
"375","26",2010,"Computer, electronic and optical products; watches and clocks","Domestic and cross-border workers",219016.76480505,"Computer, electronic and optical products; watches and clocks
Indicator: Labor productivity of domestic and cross-border workers
Year: 2010
Value: 0.22 million CHF"
"376","26",2011,"Computer, electronic and optical products; watches and clocks","Domestic and cross-border workers",245249.341699955,"Computer, electronic and optical products; watches and clocks
Indicator: Labor productivity of domestic and cross-border workers
Year: 2011
Value: 0.25 million CHF"
"377","26",2012,"Computer, electronic and optical products; watches and clocks","Domestic and cross-border workers",259405.226168496,"Computer, electronic and optical products; watches and clocks
Indicator: Labor productivity of domestic and cross-border workers
Year: 2012
Value: 0.26 million CHF"
"378","26",2013,"Computer, electronic and optical products; watches and clocks","Domestic and cross-border workers",258660.186638761,"Computer, electronic and optical products; watches and clocks
Indicator: Labor productivity of domestic and cross-border workers
Year: 2013
Value: 0.26 million CHF"
"379","26",2014,"Computer, electronic and optical products; watches and clocks","Domestic and cross-border workers",248012.008712358,"Computer, electronic and optical products; watches and clocks
Indicator: Labor productivity of domestic and cross-border workers
Year: 2014
Value: 0.25 million CHF"
"380","26",2015,"Computer, electronic and optical products; watches and clocks","Domestic and cross-border workers",228202.155189108,"Computer, electronic and optical products; watches and clocks
Indicator: Labor productivity of domestic and cross-border workers
Year: 2015
Value: 0.23 million CHF"
"381","26",2016,"Computer, electronic and optical products; watches and clocks","Domestic and cross-border workers",215281.329609476,"Computer, electronic and optical products; watches and clocks
Indicator: Labor productivity of domestic and cross-border workers
Year: 2016
Value: 0.22 million CHF"
"382","26",2017,"Computer, electronic and optical products; watches and clocks","Domestic and cross-border workers",197061.310462782,"Computer, electronic and optical products; watches and clocks
Indicator: Labor productivity of domestic and cross-border workers
Year: 2017
Value: 0.2 million CHF"
"383","26",2018,"Computer, electronic and optical products; watches and clocks","Domestic and cross-border workers",225227.148214489,"Computer, electronic and optical products; watches and clocks
Indicator: Labor productivity of domestic and cross-border workers
Year: 2018
Value: 0.23 million CHF"
"384","26",2019,"Computer, electronic and optical products; watches and clocks","Domestic and cross-border workers",222872.30443613,"Computer, electronic and optical products; watches and clocks
Indicator: Labor productivity of domestic and cross-border workers
Year: 2019
Value: 0.22 million CHF"
"385","27",2008,"Electrical equipment","Domestic and cross-border workers",197992.499586304,"Electrical equipment
Indicator: Labor productivity of domestic and cross-border workers
Year: 2008
Value: 0.2 million CHF"
"386","27",2009,"Electrical equipment","Domestic and cross-border workers",199929.050024904,"Electrical equipment
Indicator: Labor productivity of domestic and cross-border workers
Year: 2009
Value: 0.2 million CHF"
"387","27",2010,"Electrical equipment","Domestic and cross-border workers",179394.320927539,"Electrical equipment
Indicator: Labor productivity of domestic and cross-border workers
Year: 2010
Value: 0.18 million CHF"
"388","27",2011,"Electrical equipment","Domestic and cross-border workers",171131.949398711,"Electrical equipment
Indicator: Labor productivity of domestic and cross-border workers
Year: 2011
Value: 0.17 million CHF"
"389","27",2012,"Electrical equipment","Domestic and cross-border workers",180102.157769007,"Electrical equipment
Indicator: Labor productivity of domestic and cross-border workers
Year: 2012
Value: 0.18 million CHF"
"390","27",2013,"Electrical equipment","Domestic and cross-border workers",166362.71072279,"Electrical equipment
Indicator: Labor productivity of domestic and cross-border workers
Year: 2013
Value: 0.17 million CHF"
"391","27",2014,"Electrical equipment","Domestic and cross-border workers",153749.8134496,"Electrical equipment
Indicator: Labor productivity of domestic and cross-border workers
Year: 2014
Value: 0.15 million CHF"
"392","27",2015,"Electrical equipment","Domestic and cross-border workers",161361.66152772,"Electrical equipment
Indicator: Labor productivity of domestic and cross-border workers
Year: 2015
Value: 0.16 million CHF"
"393","27",2016,"Electrical equipment","Domestic and cross-border workers",170993.404641157,"Electrical equipment
Indicator: Labor productivity of domestic and cross-border workers
Year: 2016
Value: 0.17 million CHF"
"394","27",2017,"Electrical equipment","Domestic and cross-border workers",169890.963303562,"Electrical equipment
Indicator: Labor productivity of domestic and cross-border workers
Year: 2017
Value: 0.17 million CHF"
"395","27",2018,"Electrical equipment","Domestic and cross-border workers",144089.318310725,"Electrical equipment
Indicator: Labor productivity of domestic and cross-border workers
Year: 2018
Value: 0.14 million CHF"
"396","27",2019,"Electrical equipment","Domestic and cross-border workers",133503.908973967,"Electrical equipment
Indicator: Labor productivity of domestic and cross-border workers
Year: 2019
Value: 0.13 million CHF"
"397","28",2008,"Machinery and equipment n.e.c.","Domestic and cross-border workers",141443.841751989,"Machinery and equipment n.e.c.
Indicator: Labor productivity of domestic and cross-border workers
Year: 2008
Value: 0.14 million CHF"
"398","28",2009,"Machinery and equipment n.e.c.","Domestic and cross-border workers",124925.785633381,"Machinery and equipment n.e.c.
Indicator: Labor productivity of domestic and cross-border workers
Year: 2009
Value: 0.12 million CHF"
"399","28",2010,"Machinery and equipment n.e.c.","Domestic and cross-border workers",154353.211804538,"Machinery and equipment n.e.c.
Indicator: Labor productivity of domestic and cross-border workers
Year: 2010
Value: 0.15 million CHF"
"400","28",2011,"Machinery and equipment n.e.c.","Domestic and cross-border workers",147930.572060537,"Machinery and equipment n.e.c.
Indicator: Labor productivity of domestic and cross-border workers
Year: 2011
Value: 0.15 million CHF"
"401","28",2012,"Machinery and equipment n.e.c.","Domestic and cross-border workers",139937.82924622,"Machinery and equipment n.e.c.
Indicator: Labor productivity of domestic and cross-border workers
Year: 2012
Value: 0.14 million CHF"
"402","28",2013,"Machinery and equipment n.e.c.","Domestic and cross-border workers",146452.184056138,"Machinery and equipment n.e.c.
Indicator: Labor productivity of domestic and cross-border workers
Year: 2013
Value: 0.15 million CHF"
"403","28",2014,"Machinery and equipment n.e.c.","Domestic and cross-border workers",152373.013063213,"Machinery and equipment n.e.c.
Indicator: Labor productivity of domestic and cross-border workers
Year: 2014
Value: 0.15 million CHF"
"404","28",2015,"Machinery and equipment n.e.c.","Domestic and cross-border workers",155917.833692031,"Machinery and equipment n.e.c.
Indicator: Labor productivity of domestic and cross-border workers
Year: 2015
Value: 0.16 million CHF"
"405","28",2016,"Machinery and equipment n.e.c.","Domestic and cross-border workers",160044.282533611,"Machinery and equipment n.e.c.
Indicator: Labor productivity of domestic and cross-border workers
Year: 2016
Value: 0.16 million CHF"
"406","28",2017,"Machinery and equipment n.e.c.","Domestic and cross-border workers",151710.932354584,"Machinery and equipment n.e.c.
Indicator: Labor productivity of domestic and cross-border workers
Year: 2017
Value: 0.15 million CHF"
"407","28",2018,"Machinery and equipment n.e.c.","Domestic and cross-border workers",159427.513382179,"Machinery and equipment n.e.c.
Indicator: Labor productivity of domestic and cross-border workers
Year: 2018
Value: 0.16 million CHF"
"408","28",2019,"Machinery and equipment n.e.c.","Domestic and cross-border workers",153266.237213582,"Machinery and equipment n.e.c.
Indicator: Labor productivity of domestic and cross-border workers
Year: 2019
Value: 0.15 million CHF"
"409","29-30",2008,"Transport equipment","Domestic and cross-border workers",126127.60841587,"Transport equipment
Indicator: Labor productivity of domestic and cross-border workers
Year: 2008
Value: 0.13 million CHF"
"410","29-30",2009,"Transport equipment","Domestic and cross-border workers",104632.374621742,"Transport equipment
Indicator: Labor productivity of domestic and cross-border workers
Year: 2009
Value: 0.1 million CHF"
"411","29-30",2010,"Transport equipment","Domestic and cross-border workers",147774.738438575,"Transport equipment
Indicator: Labor productivity of domestic and cross-border workers
Year: 2010
Value: 0.15 million CHF"
"412","29-30",2011,"Transport equipment","Domestic and cross-border workers",162018.166108987,"Transport equipment
Indicator: Labor productivity of domestic and cross-border workers
Year: 2011
Value: 0.16 million CHF"
"413","29-30",2012,"Transport equipment","Domestic and cross-border workers",150001.414412284,"Transport equipment
Indicator: Labor productivity of domestic and cross-border workers
Year: 2012
Value: 0.15 million CHF"
"414","29-30",2013,"Transport equipment","Domestic and cross-border workers",160449.537056423,"Transport equipment
Indicator: Labor productivity of domestic and cross-border workers
Year: 2013
Value: 0.16 million CHF"
"415","29-30",2014,"Transport equipment","Domestic and cross-border workers",215632.883550974,"Transport equipment
Indicator: Labor productivity of domestic and cross-border workers
Year: 2014
Value: 0.22 million CHF"
"416","29-30",2015,"Transport equipment","Domestic and cross-border workers",233447.973223191,"Transport equipment
Indicator: Labor productivity of domestic and cross-border workers
Year: 2015
Value: 0.23 million CHF"
"417","29-30",2016,"Transport equipment","Domestic and cross-border workers",171362.153961551,"Transport equipment
Indicator: Labor productivity of domestic and cross-border workers
Year: 2016
Value: 0.17 million CHF"
"418","29-30",2017,"Transport equipment","Domestic and cross-border workers",172325.897359504,"Transport equipment
Indicator: Labor productivity of domestic and cross-border workers
Year: 2017
Value: 0.17 million CHF"
"419","29-30",2018,"Transport equipment","Domestic and cross-border workers",148420.567294028,"Transport equipment
Indicator: Labor productivity of domestic and cross-border workers
Year: 2018
Value: 0.15 million CHF"
"420","29-30",2019,"Transport equipment","Domestic and cross-border workers",153251.881283586,"Transport equipment
Indicator: Labor productivity of domestic and cross-border workers
Year: 2019
Value: 0.15 million CHF"
"421","31-33",2008,"Other manufacturing, repair and installation","Domestic and cross-border workers",40735.9711819621,"Other manufacturing, repair and installation
Indicator: Labor productivity of domestic and cross-border workers
Year: 2008
Value: 0.04 million CHF"
"422","31-33",2009,"Other manufacturing, repair and installation","Domestic and cross-border workers",37468.3683818611,"Other manufacturing, repair and installation
Indicator: Labor productivity of domestic and cross-border workers
Year: 2009
Value: 0.04 million CHF"
"423","31-33",2010,"Other manufacturing, repair and installation","Domestic and cross-border workers",36115.712827856,"Other manufacturing, repair and installation
Indicator: Labor productivity of domestic and cross-border workers
Year: 2010
Value: 0.04 million CHF"
"424","31-33",2011,"Other manufacturing, repair and installation","Domestic and cross-border workers",33128.0900735913,"Other manufacturing, repair and installation
Indicator: Labor productivity of domestic and cross-border workers
Year: 2011
Value: 0.03 million CHF"
"425","31-33",2012,"Other manufacturing, repair and installation","Domestic and cross-border workers",30527.1904455568,"Other manufacturing, repair and installation
Indicator: Labor productivity of domestic and cross-border workers
Year: 2012
Value: 0.03 million CHF"
"426","31-33",2013,"Other manufacturing, repair and installation","Domestic and cross-border workers",31544.9898168576,"Other manufacturing, repair and installation
Indicator: Labor productivity of domestic and cross-border workers
Year: 2013
Value: 0.03 million CHF"
"427","31-33",2014,"Other manufacturing, repair and installation","Domestic and cross-border workers",34097.5191380544,"Other manufacturing, repair and installation
Indicator: Labor productivity of domestic and cross-border workers
Year: 2014
Value: 0.03 million CHF"
"428","31-33",2015,"Other manufacturing, repair and installation","Domestic and cross-border workers",34393.4049456298,"Other manufacturing, repair and installation
Indicator: Labor productivity of domestic and cross-border workers
Year: 2015
Value: 0.03 million CHF"
"429","31-33",2016,"Other manufacturing, repair and installation","Domestic and cross-border workers",34796.022030757,"Other manufacturing, repair and installation
Indicator: Labor productivity of domestic and cross-border workers
Year: 2016
Value: 0.03 million CHF"
"430","31-33",2017,"Other manufacturing, repair and installation","Domestic and cross-border workers",35781.6487897068,"Other manufacturing, repair and installation
Indicator: Labor productivity of domestic and cross-border workers
Year: 2017
Value: 0.04 million CHF"
"431","31-33",2018,"Other manufacturing, repair and installation","Domestic and cross-border workers",34046.2593898631,"Other manufacturing, repair and installation
Indicator: Labor productivity of domestic and cross-border workers
Year: 2018
Value: 0.03 million CHF"
"432","31-33",2019,"Other manufacturing, repair and installation","Domestic and cross-border workers",29552.2455070333,"Other manufacturing, repair and installation
Indicator: Labor productivity of domestic and cross-border workers
Year: 2019
Value: 0.03 million CHF"
